<?xml version="1.0"?>
<config xmlns:xsi="http://www.w3.org/2001/XMLSchema-instance" xsi:noNamespaceSchemaLocation="urn:magento:framework:Config/etc/system_file.xsd">
    <system>
        <tab id="mgtcommerce" translate="label" sortOrder="100">
            <label><![CDATA[Mgt-Commerce.com]]></label>
        </tab>
        <section id="mgt_varnish" translate="label" type="text" sortOrder="40" showInDefault="1" showInWebsite="1" showInStore="1">
            <class>mgt_varnish</class>
            <label>Varnish</label>
            <tab>mgtcommerce</tab>
            <resource>Magento_Catalog::config_devtool</resource>
            <group id="module" translate="label" type="text" sortOrder="90" showInDefault="1" showInWebsite="1" showInStore="1">
                <label>Varnish</label>
                <field id="is_enabled" translate="label comment" type="select" sortOrder="100" showInDefault="1" showInWebsite="0" showInStore="0">
                    <label>Enable</label>
                    <source_model>Magento\Config\Model\Config\Source\Yesno</source_model>
                </field>
                <field id="server_list" translate="label comment" type="text" sortOrder="200" showInDefault="1" showInWebsite="0" showInStore="0">
                    <label>Varnish Server</label>
                    <comment>comma separated list of varnish servers</comment>
                </field>
                <field id="licensed_domains" translate="label comment" sortOrder="300" showInDefault="1" showInWebsite="0" showInStore="0">
                    <label>Licensed Domains</label>
                    <frontend_model>Mgt\Varnish\Block\Adminhtml\System\Config\Form\Field\License</frontend_model>
                    <backend_model>Magento\Config\Model\Config\Backend\Serialized\ArraySerialized</backend_model>
                </field>
                <field id="debug_mode" translate="label comment" type="select" sortOrder="400" showInDefault="1" showInWebsite="0" showInStore="0">
                    <label>Debug Mode</label>
                    <source_model>Magento\Config\Model\Config\Source\Yesno</source_model>
                    <comment>Pass X-headers for debugging purpose to the client and logs all purges in var/log/mgt_varnish.log file</comment>
                </field>
                <field id="excluded_urls" translate="label comment" type="textarea" sortOrder="500" showInDefault="1" showInWebsite="1" showInStore="1">
                    <label>Excluded Urls</label>
                </field>
                <field id="excluded_routes" translate="label comment" type="textarea" sortOrder="600" showInDefault="1" showInWebsite="1" showInStore="1">
                    <label>Excluded routes</label>
                    <comment>e.g. catalog_product_view, wishlist - Use one per line.</comment>
                </field>
                <field id="excluded_params" translate="label comment" type="text" sortOrder="700" showInDefault="1" showInWebsite="1" showInStore="1">
                    <label>Excluded Params</label>
                    <comment>Request parameters that disables caching</comment>
                </field>
                <field id="default_cache_lifetime" translate="label comment" type="text" sortOrder="800" showInDefault="1" showInWebsite="1" showInStore="1">
                    <label>Default Cache Lifetime</label>
                    <comment>Cache Lifetime in seconds (3600 seconds = 1 hour)</comment>
                </field>
                <field id="routes_cache_lifetime" translate="label comment" sortOrder="900" showInDefault="1" showInWebsite="1" showInStore="1">
                    <label>Cache Lifetime for specific routes</label>
                    <frontend_model>Mgt\Varnish\Block\Adminhtml\System\Config\Fieldset\Routes\Cache\Lifetime</frontend_model>
                    <backend_model>Magento\Config\Model\Config\Backend\Serialized\ArraySerialized</backend_model>
                    <comment>Cache Lifetime for specific routes (3600 seconds = 1 hour).</comment>
                </field>
                <field id="api_secret_key" translate="label comment" type="text" sortOrder="1000" showInDefault="1" showInWebsite="0" showInStore="0">
                    <label>API Secret Key</label>
                    <comment><![CDATA[Used for purging via API, example call: http://www.yourdomain.com/mgtvarnish/api/purgeUrl?secretKey=secret-123&url=http://www.yourdomain.com/category.html]]></comment>
                </field>
                <field id="cache_warmer_enabled" translate="label comment" type="select" sortOrder="1100" showInDefault="1" showInWebsite="0" showInStore="0">
                    <label>Cache Warmer</label>
                    <source_model>Magento\Config\Model\Config\Source\Yesno</source_model>
                </field>
                <field id="cache_warmer_threads" translate="label comment" type="select" sortOrder="1200" showInDefault="1" showInWebsite="0" showInStore="0">
                    <label>Cache Warmer Threads</label>
                    <source_model>Mgt\Varnish\Model\Config\Source\CacheWarmerThreads</source_model>
                    <comment>Number of threads for crawling</comment>
                    <depends>
                        <field id="cache_warmer_enabled">1</field>
                    </depends>
                </field>
                <field id="cache_warmer_cpu_limit_enabled" translate="label comment" type="select" sortOrder="1300" showInDefault="1" showInWebsite="0" showInStore="0">
                    <label>Cache Warmer CPU Limit Enabled</label>
                    <source_model>Magento\Config\Model\Config\Source\Yesno</source_model>
                    <depends>
                        <field id="cache_warmer_enabled">1</field>
                    </depends>
                </field>
                <field id="cache_warmer_cpu_limit" translate="label comment" type="select" sortOrder="1400" showInDefault="1" showInWebsite="0" showInStore="0">
                    <label>Cache Warmer CPU Limit</label>
                    <source_model>Mgt\Varnish\Model\Config\Source\CacheWarmerCpuLimit</source_model>
                    <comment>Stops crawling when CPU threshold is hit</comment>
                    <depends>
                        <field id="cache_warmer_cpu_limit_enabled">1</field>
                    </depends>
                </field>
                <field id="cache_warmer_routes" translate="label comment" type="textarea" sortOrder="1500" showInDefault="1" showInWebsite="0" showInStore="0">
                    <label>Cache Warmer Routes</label>
                    <comment>Routes to be added for cache warming.</comment>
                    <depends>
                        <field id="cache_warmer_enabled">1</field>
                    </depends>
                </field>
            </group>
        </section>
        <section id="system">
            <group id="full_page_cache" translate="label" showInDefault="0" showInWebsite="0" showInStore="0" sortOrder="600"></group>
        </section>
    </system>
</config>